ord,id,nom_estab,raz_social,codigo_act,nombre_act,per_ocu,tipo_vial,nom_vial,tipo_v_e_1,nom_v_e_1,tipo_v_e_2,nom_v_e_2,tipo_v_e_3,nom_v_e_3,numero_ext,letra_ext,edificio,edificio_e,numero_int,letra_int,tipo_asent,nomb_asent,tipoCenCom,nom_CenCom,num_local,cod_postal,cve_ent,entidad,cve_mun,municipio,cve_loc,localidad,ageb,manzana,telefono,correoelec,www,tipoUniEco,latitud,longitud,fecha_alta,subrama
37,8812750,ATC COMERCIAL MEXICO,ATC COMERCIAL MEXICO SAQ DE CV,311940,Elaboración de condimentos y aderezos,0 a 5 personas,CALLE,NUEVA JERSEY,CALLE,NUEVA AUSTRALIA,CALLE,NUEVA YORK,CALLE,NUEVA ESCOCIA,4351,,,NA,NA,,COLONIA,INDUSTRIAL LINCOLN,,,,64310,19,NUEVO LEÓN   ,39,Monterrey,1,Monterrey,4676,6,NA,,,Fijo,25.71757597,-100.3567398,2019-11,31194
42,6857203,BARRY CALLEBAUT MEXICO,BARRY CALLEBAUT MEXICO SA DE CV,311350,Elaboración de chocolate y productos de chocolate,101 a 250 personas,CALLE,LIBRAMIENTO SALTILLO-LAREDO,CARRETERA,LIBRAMIENTO SALTILLO-LAREDO,OTRO (ESPECIFIQUE),SIN REFERENCIA,OTRO (ESPECIFIQUE),SIN REFERENCIA,101,,,NA,0,,COLONIA,LIBRAMIENTO NORESTE,,,,66050,19,NUEVO LEÓN   ,21,General Escobedo,1,Ciudad General Escobedo,1662,38,NA,ANDREA_VILLAGRAN@BARRY-CALLEBAUT.COM,,Fijo,25.81611666,-100.3591807,2019-04,31135
87,3031265,BOTANAS KANDE,BOTANAS KANDE SA DE CV,311910,Elaboración de botanas,6 a 10 personas,CALLE,JOSE SANTOS CHOCANO,CALLE,FRANCISCO MURGUIA,CALLE,HERMANOS FLORES MAGON,CALLE,HERMANOS FLORES MAGÓN,3813,,,NA,NA,,COLONIA,FIERRO,,,,64560,19,NUEVO LEÓN   ,39,Monterrey,1,Monterrey,1351,31,8183545871,,,Fijo,25.68722834,-100.2761067,2010-07,31191
126,6394622,CARNES GUSI,GRUPO GUSI SPR DE RL DE CV,311612,"Corte y empacado de carne de ganado, aves y otros animales comestibles",0 a 5 personas,CALLE,NINGUNO,CALLE,INSURGENTES,CALLE,NINGUNO,CALLE,NINGUNO,800,,,NA,0,SN,COLONIA,CENTRAL DE ABASTOS,,,,67147,19,NUEVO LEÓN   ,26,Guadalupe,1,Guadalupe,1438,41,NA,ABRAHAM.DIAZ@GRUPOGUSI.COM,WWW.GRUPOGUSI.COM.MX,Fijo,25.66837115,-100.2649907,2012-06,31161
131,9051627,CATOEX,CAFE TOSTADO DE EXPORTACION SA DE CV,311922,Elaboración de café tostado y molido,11 a 30 personas,CALLE,INDUSTRIA DEL VIDRIO,CALLE,INDUSTRIA DEL VIDRIO,AVENIDA,UNION INDUSTRIAL,CALLE,INDUSTRIA DEL VIDRIO,NA,SN,,NA,NA,,COLONIA,PARQUE INDUSTRIAL,,,,66380,19,NUEVO LEÓN   ,48,Santa Catarina,1,Ciudad Santa Catarina,1632,8,NA,,,Fijo,25.70289952,-100.496975,2019-11,31192
172,8667654,CLUB DE NUTRICION SIN NOMBRE,,311813,Elaboración de tortillas de harina de trigo de forma tradicional,0 a 5 personas,CALLE,MAIZ,CALLE,FELIPE ZAMBRANO,CALLE,DERECHO DE HUELGA,CALLE,ABEL GARZA LIVAS,4064,,,NA,0,,COLONIA,FELIPE ZAMBRANO,,,,64219,19,NUEVO LEÓN   ,39,Monterrey,1,Monterrey,3998,38,NA,,,Fijo,25.76547796,-100.3600339,2019-11,31181
184,6699994,COMIDAS RAPIDAS,GRUPO CRYO ALIMENTOS SA DE CV,311993,Elaboración de alimentos frescos para consumo inmediato,6 a 10 personas,AVENIDA,ALEJANDRO DE RODAS,AVENIDA,HACIENDA DE PEñUELAS,CALLE,NINGUNO,AVENIDA,PASEO DE LOS LEONES,NA,SN,,NA,2170,,ZONA COMERCIAL,CONDOMINIOS PLAZA CUMBRES SA,,,SN,64349,19,NUEVO LEÓN   ,39,Monterrey,1,Monterrey,4248,1,8110950654,JMUNOZ@JACANDRAY.COM,,Fijo,25.73244759,-100.3946506,2016-01,31199
199,3024147,CREMERIA W,,311513,Elaboración de derivados y fermentos lácteos,6 a 10 personas,CALLE,RIO AMAZONAS,CALLE,RIO MOCTEZUMA,CALLE,RIO ROSAS,CALLE,RÍO GUADALQUIVIR,309,,,NA,NA,,COLONIA,REAL DEL VALLE,,,,66220,19,NUEVO LEÓN   ,19,San Pedro Garza García,1,San Pedro Garza García,83,24,8183352494,CONTACTO@CREMERIAW.MX,,Fijo,25.65924464,-100.3607781,2010-07,31151
272,7657679,EL ANTOJO,,311820,Elaboración de galletas y pastas para sopa,0 a 5 personas,AVENIDA,LINDA VISTA,CALLE,VISTA CORTA,CALLE,VISTA REGIA,CALLE,CHULA VISTA,127,3,,NA,NA,,COLONIA,LINDA VISTA,,,,67130,19,NUEVO LEÓN   ,26,Guadalupe,1,Guadalupe,162,13,NA,,,Fijo,25.69164722,-100.2544666,2019-11,31182
350,8633326,ELABORACION DE TORTILLAS DE HARINA,,311813,Elaboración de tortillas de harina de trigo de forma tradicional,0 a 5 personas,CALLE,LA REPUBLICA,CALLE,LAS HUERTAS,CALLE,LA REPUBLICA,CALLE,VEREDA DE RETAMAS,NA,SN,,NA,NA,,FRACCIONAMIENTO,BOSQUES DEL PONIENTE,,,,66362,19,NUEVO LEÓN   ,48,Santa Catarina,1,Ciudad Santa Catarina,865,50,NA,,,Fijo,25.67658203,-100.4559758,2019-11,31181
450,3038876,FRUCRISA,,311340,"Elaboración de dulces, chicles y productos de confitería que no sean de chocolate",6 a 10 personas,CALLE,SEGUNDA ZONA,CALLE,GENARO GARZA GARCIA,PROLONGACION,JOSE MARIA MORELOS Y PAVON,AVENIDA,EUGENIO GARZA SADA,344,,,NA,0,,COLONIA,CARACOL,,,,64810,19,NUEVO LEÓN   ,39,Monterrey,1,Monterrey,1775,29,NA,SERVICIOACLIENTES@FRUCRISA.COM.MX,WWW.FRUCRISA.COM.MX,Fijo,25.66366975,-100.2966675,2010-07,31134
453,9337635,FUGAZZA PIZZERIA MONTERREY,FUGAZZA PIZZERIA MONTERREY SA DE CV,311412,Congelación de guisos y otros alimentos preparados,0 a 5 personas,AVENIDA,LAS TORRES,OTRO (ESPECIFIQUE),SIN REFERENCIA,CALLE,5 DE MAYO,OTRO (ESPECIFIQUE),NINGUNO,620,,,NA,8,,COLONIA,RIVIERA DEL CONTRY,,PLAZ,,NA,19,NUEVO LEÓN   ,26,Guadalupe,1,Guadalupe,552,17,NA,,,Fijo,25.67226074,-100.2494446,2021-05,31141
487,8812764,GRUPO VIAVA SA DE CV,GRUPO VIAVA SA DE CV,311214,Elaboración de harina de otros productos agrícolas,6 a 10 personas,CALLE,INDUSTRIA ELECTRICA,CALLE,BILBAO,AVENIDA,AVENIDA DE LA INDUSTRIA,CALLE,CALLE DE LAS INDUSTRIAS,111,,,NA,NA,,COLONIA,PARQUE INDUSTRIAL ESCOBEDO,,,,66062,19,NUEVO LEÓN   ,21,General Escobedo,1,Ciudad General Escobedo,772,14,NA,,,Fijo,25.80098343,-100.3471689,2019-11,31121
546,2917313,HELADOS MAYRA,,311520,Elaboración de helados y paletas,0 a 5 personas,AVENIDA,TOLTECA,CALLE,9,CALLE,10,AVENIDA,LAS VILLAS,NA,SN,,NA,NA,,COLONIA,TOLTECA,,,,67170,19,NUEVO LEÓN   ,26,Guadalupe,1,Guadalupe,1531,4,8183374758,,,Fijo,25.66879851,-100.2383483,2010-07,31152
603,6365740,INGREDION MEXICO ,INGREDION MEXICO SA DE CV,311221,Elaboración de féculas y otros almidones y sus derivados,0 a 5 personas,AVENIDA,Industria Alimenticia,AVENIDA,SEPTIMA,CALLE,NINGUNO,CALLE,NINGUNO,950,,,NA,950,,PARQUE INDUSTRIAL,PARQUE INDUSTRIAL STIVA AEROPUERTO,OTRO CONGLOMERADO,STIVA AEROPUERTO,950,66600,19,NUEVO LEÓN   ,6,Apodaca,1,Ciudad Apodaca,3037,31,NA,ROGELIO.SALCIDO@INGREDION.COM,WWW.INGREDION.COM,Fijo,25.7705246,-100.1478098,2010-07,31122
660,8368896,LA MICHOACANA,,311520,Elaboración de helados y paletas,0 a 5 personas,AVENIDA,ANTONIO I. VILLARREAL,CALLE,CONSTITUYENTES DEL 57,CALLE,JESUS M. GARZA,CALLE,23 DE ABRIL,1402,,,NA,NA,,COLONIA,FABRILES,,,,64560,19,NUEVO LEÓN   ,39,Monterrey,1,Monterrey,1385,37,NA,,,Fijo,25.6857221,-100.2777732,2019-11,31152
752,8587491,MAXISANO S. DE R.L.,MAXISANO S DE RL ,311421,Deshidratación de frutas y verduras,11 a 30 personas,CALLE,HEROES DEL 47,CALLE,TERCERA VIDRIERA,CALLE,CUARTA VIDRIERA,AVENIDA,JOSÉ ÁNGEL CONCHELLO,2147,,,NA,NA,,COLONIA,REFORMA,,,,64550,19,NUEVO LEÓN   ,39,Monterrey,1,Monterrey,1008,39,NA,,,Fijo,25.69262089,-100.2979962,2019-11,31142
762,8524396,MEXCLA DE SABORES,MEXCLA DE SABORES SA DE CV,311930,"Elaboración de concentrados, polvos, jarabes y esencias de sabor para bebidas",11 a 30 personas,CALLE,CALLE DEL URO,CALLE,LOS ENCINOS,CARRETERA,NACIONAL,AVENIDA,PORTAL DEL HUAJUCO,NA,SN,,NA,NA,,COLONIA,PRIVADA EL URO,,,,64986,19,NUEVO LEÓN   ,39,Monterrey,1,Monterrey,3080,9,NA,ADMINISTRACION@MEXSA.COM.MX,WWW.MEXSA.MX,Fijo,25.55810754,-100.233111,2019-11,31193
1551,8667725,PASTELERIA LA SALLE,RELLISECO PRODUCTOS Y SERVICIOS S DE RL DE CV,311812,Panificación tradicional,0 a 5 personas,AVENIDA,PASEO DE LOS LEONES,AVENIDA,HACIENDA DE PEÑUELAS,AVENIDA,PEDRO INFANTE,CALLE,PALMILLA,3433,117,,NA,NA,,COLONIA,RES CUMBRES LAS PALOMAS,,,,64349,19,NUEVO LEÓN   ,39,Monterrey,1,Monterrey,4356,8,NA,,WWW.PASTELLERIASALLE.COM.MX,Fijo,25.73353903,-100.4001107,2019-11,31181
1720,2928628,PROVEEDORA DE AZUCAR DEL NORTE,PROVEEDORA DE AZUCAR DEL NORTE SA DE CV,311311,Elaboración de azúcar de caña,101 a 250 personas,CALLE,AGUSTÍN DE ITURBIDE,CALLE,LEONEL CHÁVEZ (AGUAS NEGRAS),CALLE,INDEPENDENCIA,CALLE,IGNACIO ZARAGOZA,610,,,NA,0,,COLONIA,AMPLIACION LAZARO CARDENAS,,,,66050,19,NUEVO LEÓN   ,21,General Escobedo,1,Ciudad General Escobedo,490,34,NA,DIANA_PROANORTE@HOTMAIL.COM,,Fijo,25.78993953,-100.2999249,2010-07,31131
1931,8795429,TORTILLAS DE HARINA,,311813,Elaboración de tortillas de harina de trigo de forma tradicional,0 a 5 personas,CALLE,EMILIANO ZAPATA,CALLE,CAMBIUM,CALLE,ENREDADERA,CALLE,CAMBIUM,901,,,NA,NA,,COLONIA,3 CAMINOS NORTE,,,,67190,19,NUEVO LEÓN   ,26,Guadalupe,1,Guadalupe,1480,55,NA,,,Fijo,25.66748962,-100.1841322,2019-11,31181
1933,9356169,TORTILLAS DE HARINA,,311813,Elaboración de tortillas de harina de trigo de forma tradicional,0 a 5 personas,CALLE,VALLE ALLENDE,CALLE,VALLE DE JUAREZ,CALLE,VALLE DE TEXAS,AVENIDA,GENERAL PLUTARCO ELÍAS CALLES,714,,,NA,NA,,COLONIA,VALLE DE ALLENDE,,,,67160,19,NUEVO LEÓN   ,26,Guadalupe,1,Guadalupe,393,26,NA,,,Fijo,25.68448142,-100.2069806,2021-05,31181
1967,7334724,TORTILLAS DE HARINA,,311830,Elaboración de tortillas de maíz y molienda de nixtamal,0 a 5 personas,AVENIDA,JOSE MARIA MORELOS Y PAVON,CALLE,LAZARO GARZA AYALA,CALLE,EDUARDO A. ELIZONDO,CALLE,EDUARDO A. ELIZONDO,130,,,NA,NA,,COLONIA,FELIPE CARRILLO PUERTO,,,,66055,19,NUEVO LEÓN   ,21,General Escobedo,1,Ciudad General Escobedo,467,27,NA,,,Fijo,25.7790331,-100.3211661,2019-11,31183
2012,7657075,TORTILLAS DE HARINA,,311813,Elaboración de tortillas de harina de trigo de forma tradicional,0 a 5 personas,CALLE,10 DE MAYO DEL 86,CALLE,JAEN,CALLE,LORA,CALLE,SEVILLA,512,,,NA,NA,,COLONIA,ESTANCIA MINERA 2 SECTOR,,,,66470,19,NUEVO LEÓN   ,46,San Nicolás de los Garza,1,San Nicolás de los Garza,1159,12,8117046326,,,Fijo,25.72502639,-100.2429463,2019-11,31181
2297,2957168,TORTILLERIA ALVAREZ,,311830,Elaboración de tortillas de maíz y molienda de nixtamal,0 a 5 personas,AVENIDA,PERIMETRAL ORIENTE,CALLE,JUAN SARABIA,CALLE,CAMILO ARRIAGA,CALLE,ROSALÍO BUSTAMANTE,0,SN,,NA,0,,CONJUNTO HABITACIONAL,MARTIRES DE CANANEA,,,,66350,19,NUEVO LEÓN   ,48,Santa Catarina,1,Ciudad Santa Catarina,827,24,NA,,,Fijo,25.6872887,-100.4436269,2014-12,31183
2333,2965661,TORTILLERIA AYDEE,,311830,Elaboración de tortillas de maíz y molienda de nixtamal,0 a 5 personas,CALLE,LICENCIADO AUGUSTO GOMEZ VILLANUEVA,CALLE,JOSE O. MARTINEZ,CALLE,FRANCISCO PEREZ RIOS,CALLE,FIDEL VELÁZQUEZ,407,,,NA,0,,COLONIA,VALLE DE SANTA LUCIA (GRANJA SANITARIA),,,,64230,19,NUEVO LEÓN   ,39,Monterrey,1,Monterrey,018A,25,8110531842,,,Fijo,25.74601145,-100.3570393,2014-12,31183
2503,2953008,TORTILLERIA DUQUE,,311830,Elaboración de tortillas de maíz y molienda de nixtamal,0 a 5 personas,CALLE,OBRERO MUNDIAL,CALLE,IMSS,CALLE,UCECA,CALLE,PROFESOR MIGUEL F. MARTÍNEZ,1303,A,,NA,0,,COLONIA,FOMERREY 36,,,,66075,19,NUEVO LEÓN   ,21,General Escobedo,1,Ciudad General Escobedo,306,3,8127628783,,,Fijo,25.77513113,-100.3297658,2014-12,31183
2891,3032048,TORTILLERIA LA LUZ,,311830,Elaboración de tortillas de maíz y molienda de nixtamal,0 a 5 personas,AVENIDA,CALZADA UNION,CALLE,JOSE LOPEZ PORTILLO,CALLE,INDEPENDENCIA,CALLE,SOLIDARIDAD,247,,,NA,NA,,COLONIA,FIDEL VELAZQUEZ SANCHEZ,,,,66496,19,NUEVO LEÓN   ,46,San Nicolás de los Garza,1,San Nicolás de los Garza,362,66,8183791187,,,Fijo,25.71146664,-100.2564284,2010-07,31183
3341,3041141,TORTILLERIA ROSALINDA,,311830,Elaboración de tortillas de maíz y molienda de nixtamal,0 a 5 personas,CALLE,PASO DE LAS AVES,CALLE,PASEO DE LAS AVES,CALLE,PASEO DE LAS FLORES,CALLE,PASEO DE LAS AVES,6244,,,NA,NA,,COLONIA,LA ESTANZUELA (F-45),,,,64988,19,NUEVO LEÓN   ,39,Monterrey,1,Monterrey,2951,11,NA,,,Fijo,25.59058749,-100.247047,2010-07,31183
3433,2951345,TORTILLERIA SERRANIAS,,311830,Elaboración de tortillas de maíz y molienda de nixtamal,0 a 5 personas,CALLE,SAN CRISTOBAL,CALLE,SANTA GERTRUDIS,CALLE,EL FRAILE,CALLE,SIERRA DEL TOPO,NA,SN,,NA,NA,,COLONIA,SERRANAS,,,,66065,19,NUEVO LEÓN   ,21,General Escobedo,1,Ciudad General Escobedo,1535,4,NA,,,Fijo,25.80282305,-100.3675301,2014-12,31183
3665,7562839,VATEL PANADERIA Y REPOSTERIA,,311812,Panificación tradicional,0 a 5 personas,CALLE,MAR ROJO,CALLE,MAR MEDITERRANEO,CALLE,MAR BALTICO,CALLE,MAR NEGRO,588,D,PLAZA Y CENTRO COMERCIAL,17,NA,A,COLONIA,AURORA,CENTRO Y PLAZA COMERCIAL,PLAZA,A,66378,19,NUEVO LEÓN   ,48,Santa Catarina,1,Ciudad Santa Catarina,055A,15,NA,,,Fijo,25.67257923,-100.4544835,2019-11,31181
3931,6345394,ALIMENTOS SELLO ROJO,ALIMENTOS SELLO ROJO SA DE CV,431160,Comercio al por mayor de leche y otros productos lácteos,31 a 50 personas,CARRETERA,CARRETERA A REYNOSA,OTRO (ESPECIFIQUE),HIERRO,CALLE,MAESTRO ISRAEL CAVAZOS GARZA,CALLE,SIN REFERENCIA,8799,,,NA,0,,COLONIA,BALCONES DE SANTA CRUZ,,,,67196,19,NUEVO LEÓN   ,26,Guadalupe,1,Guadalupe,1086,1,NA,SVILLASENOR@SELLOROJO.COM.MX,WWW.SELLOROJO.COM.MX,Fijo,25.66614821,-100.1705588,2014-12,43116
4012,2973577,CAFE SIERRA NORTE,CAFÉ SIERRA NORTE SA DE CV,431150,"Comercio al por mayor de semillas y granos alimenticios, especias y chiles secos",6 a 10 personas,CALLE,DOCTOR JULIAN VILLARREAL,CALLE,MANUEL MARIA DEL LLANO,CALLE,ALBINO ESPINOSA,CALLE,HÉROES DEL 47,317,,,NA,NA,,COLONIA,ZONA CENTRO,,,,64000,19,NUEVO LEÓN   ,39,Monterrey,1,Monterrey,1578,9,8115536365,COBRANZAMONTERREY@CAFESIERRANORTE.COM.MX,WWW.CAFESIERRANORTE.COM,Fijo,25.67684492,-100.300631,2014-12,43115
4093,8778535,COMERCIALIZADORA ALG,COMERCIALIZADORA ALG SA DE CV,431121,Comercio al por mayor de carnes rojas,0 a 5 personas,CARRETERA,CARRETERA NACIONAL,CALLE,LOMA DE LOS PINOS,PRIVADA,NINGUNO,PRIVADA,NINGUNO,7821,,EDIFICIO SIN NOMBRE,19,NA,,COLONIA,ANTIGUA ESTANZUELA,EDIFICIO COMERCIAL Y DE SERVICIOS,VALLE ALTO,7821,64988,19,NUEVO LEÓN   ,39,Monterrey,1,Monterrey,2932,3,8110500201,ALGCOMERCIALIZADORA@GMAIL.COM,,Fijo,25.59091738,-100.2599474,2019-11,43112
4140,8754301,COMERCIALIZADORA TACHO,,431140,Comercio al por mayor de huevo,0 a 5 personas,CALLE,EJE INTERMEDIO,CALLE,C,CALLE,B,CALLE,B,1000,,CENTRAL DE ABASTO,5,199,,COLONIA,MERCADO DE ABASTOS ESTRELLA,CENTRAL DE ABASTO,MERCADO DE ABASTOS ESTRELLA,199,66482,19,NUEVO LEÓN   ,46,San Nicolás de los Garza,1,San Nicolás de los Garza,1661,22,8183311574,RGARCIADAVILA@HOTMAIL.COM,,Fijo,25.71482186,-100.2917105,2019-11,43114
4210,2977624,COMERCIO AL POR MAYOR DE FRUTAS Y VERDURAS FRESCAS,,431130,Comercio al por mayor de frutas y verduras frescas,0 a 5 personas,CALLE,A,CALLE,EJE INTERMEDIO,CALLE,JUAN CANTU GARCIA,CALLE,NINGUNO,1000,,CENTRAL DE ABASTO,5,NA,,COLONIA,PREDIO ALDAPE,CENTRAL DE ABASTO,MERCADO DE ABASTOS ESTRELLA,37,66482,19,NUEVO LEÓN   ,46,San Nicolás de los Garza,1,San Nicolás de los Garza,1661,24,NA,JUAN_EAZUARA@HOTMAIL.COM,,Fijo,25.71398597,-100.2906912,2014-12,43113
4260,8441645,DEPOSITO MADERO,DEPOSITO MADERO ,431110,Comercio al por mayor de abarrotes,0 a 5 personas,CALLE,DAVID BERLANGA,CALLE,CUARTA PRIVADA,CALLE,MACLOVIO HERRERA,CALLE,20 DE OCTUBRE,NA,SN,,NA,NA,,COLONIA,NUEVA MADERO,,,,64560,19,NUEVO LEÓN   ,39,Monterrey,1,Monterrey,1347,26,NA,,,Fijo,25.69205749,-100.2793542,2019-11,43111
4292,6372552,DISTRIBUIDORA DE DULCES DEL NORTE SA DE CV  BODEGA B261,DISTRIBUIDORA DE DULCES DEL NORTE SA DE CV,431180,Comercio al por mayor de dulces y materias primas para repostería,6 a 10 personas,AVENIDA,LOS ANGELES,AVENIDA,SAN NICOLAS,AVENIDA,C,AVENIDA,EJE SUR,1000,,,NA,NA,,COLONIA,GARZA CANTU,,,,66480,19,NUEVO LEÓN   ,46,San Nicolás de los Garza,1,San Nicolás de los Garza,1661,30,NA,,,Fijo,25.7124373,-100.2950637,2012-06,43118
4425,6235162,EL MAS POLLO SUCURSAL03 SAN BERNABE,ALIMENTOS CALIDAD OPTIMA SA DE CV,431122,Comercio al por mayor de carne de aves,6 a 10 personas,CALLE,ESQUITO,CALLE,JICAMA,CALLE,COCOS,CALLE,AVELLANAS,301,,,NA,NA,,COLONIA,SAN BERNABE 3 SECTOR,,,,64104,19,NUEVO LEÓN   ,39,Monterrey,1,Monterrey,2576,13,NA,VENTAS@ALCO.MX,WWW.ALCO.MX,Fijo,25.75867248,-100.371249,2011-03,43112
4650,3036284,LA PROVIDENCIA CEBOLLA,LA PROVIDENCIA CEBOLLA ,431130,Comercio al por mayor de frutas y verduras frescas,0 a 5 personas,CALLE,EJE SUR,CALLE,C,CALLE,B,CALLE,B,1000,,CENTRAL DE ABASTO,5,NA,,COLONIA,PREDIO ALDAPE,CENTRAL DE ABASTO,MERCADO DE ABASTOS ESTRELLA,161,66482,19,NUEVO LEÓN   ,46,San Nicolás de los Garza,1,San Nicolás de los Garza,1661,27,8117735185,LAPROVIDENCIACEBOLLAS@HOTMAIL.COM,,Fijo,25.71207765,-100.2931656,2010-07,43113
4947,6369991,SIGMA ALIMENTOS COMERCIAL,SIGMA ALIMENTOS COMERCIAL SA DE CV,431170,Comercio al por mayor de embutidos,0 a 5 personas,CALLE,LAS TORRES ENTRE LERDO DE TEJADA,AMPLIACION,NINGUNO,CALLE,NINGUNO,AVENIDA,0,500,,,NA,NA,,COLONIA,GETSEMANI,,,,66425,19,NUEVO LEÓN   ,46,San Nicolás de los Garza,1,San Nicolás de los Garza,1464,5,NA,,,Fijo,25.7603177,-100.3027508,2010-07,43117
5027,9289344,ZUCARMEX,ZUCARMEX SA DE CV,431199,Comercio al por mayor de otros alimentos,31 a 50 personas,CALLE,F,CALLE,JUAN CANTU GARCIA,CALLE,PROFESOR ABRAHAM Z. GARZA,CALLE,F,1000,,,5,NA,,OTRO (ESPECIFIQUE),ALDAPE,CENTRAL DE ABASTO,MERCADO DE ABASTOS ESTRELLA,332,66482,19,NUEVO LEÓN   ,46,San Nicolás de los Garza,1,San Nicolás de los Garza,1676,8,NA,,,Fijo,25.71556757,-100.2940954,2020-11,43119
5363,6801175,7 ELEVEN SUC 1940 ADOLFO Y CHAYOTE,7-ELEVEN MEXICO SA DE CV,462112,Comercio al por menor en minisupers,6 a 10 personas,AVENIDA,Licenciado Adolfo López Mateos,OTRO (ESPECIFIQUE),Chayote,CALLE,Balcones del Norte,CALLE,Inocencia,104,,,NA,0,,COLONIA,BALCONES DEL NORTE 1 SECTOR,,,,66060,19,NUEVO LEÓN   ,21,General Escobedo,1,Ciudad General Escobedo,1450,16,NA,ANA.OLIVARES@7-ELEVEN.COM.MX,WWW.7-ELEVEN.COM.MX,Fijo,25.80537375,-100.2628423,2017-11,46211
5403,6700383,7 ELEVEN SUC 2137 NUEVO MEXICO,7-ELEVEN MEXICO SA DE CV,462112,Comercio al por menor en minisupers,6 a 10 personas,CALLE,SAN BERNABÉ,CALLE,NUEVO MEXICO,CALLE,FUNDIDORA,CALLE,VALLE DE CORTES,352,,,NA,NA,,COLONIA,VALLE MORELOS,,,,64180,19,NUEVO LEÓN   ,39,Monterrey,1,Monterrey,512,3,NA,ANA.OLIVARES@7-ELEVEN.COM.MX,WWW.7-ELEVEN.COM.MX,Fijo,25.72084353,-100.3487607,2016-01,46211
6136,7679549,ABARROTES,,461110,"Comercio al por menor en tiendas de abarrotes, ultramarinos y misceláneas",0 a 5 personas,CALLE,ROMERO,CALLE,SAN ÁNGEL,CALLE,ESTEO,CALLE,ALICANTE,313,,,NA,NA,,COLONIA,PRIVADAS DE SAN MIGUEL,,,,67130,19,NUEVO LEÓN   ,26,Guadalupe,1,Guadalupe,278A,31,NA,,,Fijo,25.70124723,-100.1623771,2019-11,46111
7322,8633789,ABARROTES CASTAÑEDA,,462112,Comercio al por menor en minisupers,0 a 5 personas,PRIVADA,PARICUTIN,PRIVADA,SAJANA,PRIVADA,MONTES URALES,PRIVADA,MONTE ELBRUS,713,,,NA,NA,,COLONIA,CORDILLERAS DEL VIRREY,,,,66358,19,NUEVO LEÓN   ,48,Santa Catarina,1,Ciudad Santa Catarina,1149,7,NA,,,Fijo,25.67563373,-100.4897421,2019-11,46211
8571,2966026,ABARROTES EL ANGEL,,461110,"Comercio al por menor en tiendas de abarrotes, ultramarinos y misceláneas",0 a 5 personas,CALLE,BENITEZ,CALLE,TREVIÑO,CALLE,SANTA CATARINA,CALLE,ZONA NORTE,1745,,,NA,NA,,COLONIA,PRIMERO DE JUNIO,,,,64260,19,NUEVO LEÓN   ,39,Monterrey,1,Monterrey,032A,52,NA,,,Fijo,25.73928289,-100.3298506,2014-12,46111
10247,2985232,ABARROTES HUERO,,462112,Comercio al por menor en minisupers,0 a 5 personas,CALLE,RIO NAZAS,CALLE,RIO GRANDE,CALLE,RIO BALSAS,CALLE,RÍO USUMACINTA,201,,,NA,NA,,COLONIA,DOS RIOS,,,,67168,19,NUEVO LEÓN   ,26,Guadalupe,1,Guadalupe,2328,18,NA,,,Fijo,25.68163041,-100.1653807,2014-12,46211
12331,7872592,ABARROTES MARIO,,461110,"Comercio al por menor en tiendas de abarrotes, ultramarinos y misceláneas",0 a 5 personas,CALLE,ARISTOTELES,CALLE,MINERVA,CALLE,HERCULES,CALLE,VULCANO,287,,,NA,NA,,COLONIA,HERCULES,,,,67120,19,NUEVO LEÓN   ,26,Guadalupe,1,Guadalupe,73,14,NA,,,Fijo,25.70086154,-100.2493485,2019-11,46111
13042,2934081,ABARROTES MONCAYO,,461110,"Comercio al por menor en tiendas de abarrotes, ultramarinos y misceláneas",0 a 5 personas,CALLE,HACIENDA LA PURISIMA,CALLE,HACIENDA DEL CARMEN,CALLE,HACIENDA SANTA JULIA,CALLE,HACIENDA DEL LLANO,347,,,NA,NA,,COLONIA,HACIENDA DEL TOPO,,,,66072,19,NUEVO LEÓN   ,21,General Escobedo,1,Ciudad General Escobedo,700,16,NA,,,Fijo,25.78969618,-100.33117,2010-07,46111
16058,3039731,ABARROTES VILLARREAL,,461110,"Comercio al por menor en tiendas de abarrotes, ultramarinos y misceláneas",0 a 5 personas,CALLE,ELVIRA RENTERIA,CALLE,CRISTOBAL PEREZ,PROLONGACION,HILARIO MARTINEZ,CALLE,EVARISTO ELIZONDO,1308,,,NA,NA,,COLONIA,LA PEDRERA,,,,64730,19,NUEVO LEÓN   ,39,Monterrey,1,Monterrey,4178,3,NA,,,Fijo,25.64693667,-100.307165,2010-07,46111
17219,9302968,BODEGA AURRERA,NUEVA WAL MART DE MEXICO S DE RL DE CV,462111,Comercio al por menor en supermercados,31 a 50 personas,CALLE,CERRO DEL TEPEYAC,CALLE,CERRO DEL MEZQUITAL,CALLE,CERRO DE LA ESPERANZA,CALLE,CERRO DE SAN PEDRO,0,SN,,NA,NA,,COLONIA,PROVILEON,,,,NA,19,NUEVO LEÓN   ,21,General Escobedo,1,Ciudad General Escobedo,363,1,NA,,,Fijo,25.78601623,-100.3360846,2020-11,46211
17403,9030361,BOTANAS MONTERREY,,461190,Comercio al por menor de otros alimentos,0 a 5 personas,AVENIDA,LOS SUIZOS,AVENIDA,CAMBOYANOS,AVENIDA,COLIBRI,CALLE,PARAGUAYOS,207,,,NA,0,,COLONIA,ROBERTO ESPINOZA,,,,66648,19,NUEVO LEÓN   ,6,Apodaca,1,Ciudad Apodaca,780,12,NA,,,Fijo,25.72910458,-100.1762305,2019-11,46119
17630,2976644,CARNES SAM,CARNES SAM SA DE CV,461121,Comercio al por menor de carnes rojas,11 a 30 personas,AVENIDA,REPUBLICA MEXICANA,AVENIDA,LAS PUENTES,CALLE,IZTACCIHUATL,CALLE,NEVADO DE TOLUCA,403,A,,NA,NA,,COLONIA,LAS PUENTES TERCER SECTOR,,,,66460,19,NUEVO LEÓN   ,46,San Nicolás de los Garza,1,San Nicolás de los Garza,1322,23,8183729456,AGONZALEZ@CARNESRAMOS.COM.MX,,Fijo,25.74307007,-100.2849773,2010-07,46112
17943,3030992,CARNICERIA LA NUEVA,,461121,Comercio al por menor de carnes rojas,0 a 5 personas,CALLE,CASA DEL MOLINO,CALLE,CASA DE DULCE,AVENIDA,PALERMO,CALLE,CASA DEL PARQUE,425,,,NA,NA,,COLONIA,VALLE DE CASA BLANCA 2 SECTOR,,,,66478,19,NUEVO LEÓN   ,46,San Nicolás de los Garza,1,San Nicolás de los Garza,1572,17,8183201518,,,Fijo,25.73372208,-100.2315973,2010-07,46112
18326,3041820,CENTRAL NARANJERA,,461130,Comercio al por menor de frutas y verduras frescas,0 a 5 personas,CALLE,NINGUNO,CALLE,NINGUNO,CALLE,NINGUNO,CALLE,NINGUNO,700,,CENTRAL DE ABASTO,1,NA,,COLONIA,CENTRAL DE ABASTOS,CENTRAL DE ABASTO,CENTRAL DE ABASTOS MONTERREY,84 A,67140,19,NUEVO LEÓN   ,26,Guadalupe,1,Guadalupe,1438,30,NA,,,Fijo,25.66662083,-100.2639447,2010-07,46113
19446,7657089,DULCERIA LA CHAVITA,,461160,Comercio al por menor de dulces y materias primas para repostería,0 a 5 personas,AVENIDA,NUEVO LEON,CALLE,CHINA,CALLE,CARRETERA A REYNOSA,CALLE,OCAMPO,NA,SN,,NA,NA,,COLONIA,NUEVOLEON,,,,67190,19,NUEVO LEÓN   ,26,Guadalupe,1,Guadalupe,2313,6,NA,BOLSASYDESECHABLESDIAZ@GMAIL.COM,,Fijo,25.66045059,-100.1503182,2019-11,46116
19678,3047735,DULCERIA Y ESSTETICA CHARLY,,461160,Comercio al por menor de dulces y materias primas para repostería,0 a 5 personas,AVENIDA,JULIO A. ROCA,CALLE,ZEUS,CALLE,EPIADURO,CALLE,EGIRA,10277,,,NA,NA,,COLONIA,EL PORVENIR,,,,64206,19,NUEVO LEÓN   ,39,Monterrey,1,Monterrey,2400,29,NA,,,Fijo,25.76678567,-100.3687651,2010-07,46116
19992,3042388,ESTANQUILLO,,461110,"Comercio al por menor en tiendas de abarrotes, ultramarinos y misceláneas",0 a 5 personas,AVENIDA,ALFONSO REYES,AVENIDA,PASEO DE LAS AMERICAS,OTRO (ESPECIFIQUE),ALFONSO REYES,CALLE,PEDREGAL DEL BOSQUE,707,,,NA,NA,,COLONIA,CONTRY LA SILLA 4TO SECTOR,,,,67173,19,NUEVO LEÓN   ,26,Guadalupe,1,Guadalupe,2120,1,NA,,,Fijo,25.63931414,-100.2682686,2010-07,46111
20458,2969236,ESTANQUILLO SECUNDARIA NOCTURNA N.03,,461160,Comercio al por menor de dulces y materias primas para repostería,0 a 5 personas,AVENIDA,LICENCIADO BENITO JUAREZ,CALLE,SANTIAGO TAPIA,CALLE,MANUEL MARIA DEL LLANO,CALLE,COLEGIO CIVIL,126,,,NA,NA,,COLONIA,ZONA CENTRO,,,,64000,19,NUEVO LEÓN   ,39,Monterrey,1,Monterrey,153A,25,NA,,,Fijo,25.67924478,-100.3140885,2014-12,46116
20627,2983220,EXPENDIO DE HUEVO Y BASICOS,,461190,Comercio al por menor de otros alimentos,0 a 5 personas,CALLE,ESTADO DE ZACATECAS,CALLE,TEPETONGO,CALLE,MIGUEL AUZA,CALLE,VALPARAÍSO,NA,SN,,NA,NA,,COLONIA,CAÑADA BLANCA,,,,67117,19,NUEVO LEÓN   ,26,Guadalupe,1,Guadalupe,957,9,NA,,,Fijo,25.72523651,-100.1854789,2014-12,46119
20912,8760666,FRUTERIA,,461130,Comercio al por menor de frutas y verduras frescas,0 a 5 personas,CALLE,HOZ,CALLE,MARCO,CALLE,PRIVADA ARZON,AVENIDA,JULIO A. ROCA,9637,,,NA,0,,COLONIA,FOMERREY 113,,,,64105,19,NUEVO LEÓN   ,39,Monterrey,1,Monterrey,3771,30,NA,,,Fijo,25.77124225,-100.3731347,2019-11,46113
20978,2984223,FRUTERIA ARISTA FRUTERIA VAZQUEZ FRUTE,,461130,Comercio al por menor de frutas y verduras frescas,0 a 5 personas,AVENIDA,GENERAL PLUTARCO ELIAS CALLES,CALLE,COSTA AZUL,CALLE,VALLE AZUL,CALLE,BAHÍA ESCONDIDA,1520,,,NA,NA,,COLONIA,LA ROSITA,,,,67160,19,NUEVO LEÓN   ,26,Guadalupe,1,Guadalupe,1955,1,NA,,,Fijo,25.6862023,-100.196519,2014-12,46113
21025,3041822,FRUTERIA CEBALLOS,,461130,Comercio al por menor de frutas y verduras frescas,0 a 5 personas,CALLE,NINGUNO,CALLE,CALLE,CALLE,CALLE,CALLE,NINGUNO,700,,CENTRAL DE ABASTO,1,NA,,COLONIA,CENTRAL DE ABASTOS,CENTRAL DE ABASTO,CENTRAL DE ABASTOS MONTERREY,88-A,67140,19,NUEVO LEÓN   ,26,Guadalupe,1,Guadalupe,1438,30,8118822549,,,Fijo,25.66662083,-100.2639447,2010-07,46113
21043,8760608,FRUTERIA CLOUTHIER,,461130,Comercio al por menor de frutas y verduras frescas,0 a 5 personas,AVENIDA,MANUEL J. CLOUTHIER,CALLE,SANTA MARIA LA RIVERA,AVENIDA,TEZOZOMOC,CALLE,AHUÍZOTL,0,SN,,NA,0,,COLONIA,COOPERATIVA LA UNION,,,,66129,19,NUEVO LEÓN   ,48,Santa Catarina,1,Ciudad Santa Catarina,390,36,NA,,,Fijo,25.68368845,-100.4318364,2019-11,46113
21136,8804624,FRUTERIA EL CHINO,,461130,Comercio al por menor de frutas y verduras frescas,0 a 5 personas,CALLEJON,SAN AGUSTIN,BOULEVARD,SAN BENITO DE ANIANE,CALLEJON,SAN BERNARDINO DE SIENA,BOULEVARD,SAN BENITO DE ANIANE,800,,,NA,NA,,COLONIA,PRADERAS DE SAN FRANCISCO,,,,66005,19,NUEVO LEÓN   ,21,General Escobedo,153,Praderas de San Francisco,24,28,NA,,,Fijo,25.82052098,-100.41815,2019-11,46113
21232,3041826,FRUTERIA FRUTCA,,461130,Comercio al por menor de frutas y verduras frescas,0 a 5 personas,CALLE,INSURGENTES,CALLE,VERDUZCO,CALLE,NINGUNO,CALLE,NINGUNO,700,,CENTRAL DE ABASTO,1,226,,COLONIA,CENTRO,CENTRAL DE ABASTO,CENTRAL DE ABASTOS MONTERREY,226,67147,19,NUEVO LEÓN   ,26,Guadalupe,1,Guadalupe,1438,22,8183170844,,,Fijo,25.66812325,-100.2641353,2010-07,46113
21402,8997211,FRUTERIA LA NORTEÑA,,461130,Comercio al por menor de frutas y verduras frescas,0 a 5 personas,CALLE,MARCO,CALLE,HOZ,CALLE,QUIJERA,CALLE,CORREA,9208,,,NA,NA,,COLONIA,FOMERREY 113,,,,64105,19,NUEVO LEÓN   ,39,Monterrey,1,Monterrey,3771,35,NA,,,Fijo,25.77023085,-100.3737184,2019-11,46113
22217,8506817,HELADOS CHARLIS,,461170,Comercio al por menor de paletas de hielo y helados,0 a 5 personas,CALLE,TULIPAN,CALLE,HACIENDA EL TRIGAL,CALLE,HACIENDA DEL RIO,CALLE,HACIENDA MARGARITAS,701,B,,NA,NA,,FRACCIONAMIENTO,HACIENDA LAS MARGARITAS,,,,66647,19,NUEVO LEÓN   ,6,Apodaca,1,Ciudad Apodaca,1914,1,8130916470,,,Semifijo,25.70914212,-100.1555375,2019-11,46117
22236,8633648,HELADOS GACIAR DE SABORES,,461170,Comercio al por menor de paletas de hielo y helados,0 a 5 personas,AVENIDA,METROPLEX,CALLE,N25,CALLE,N23,CALLE,E-SEGUNDA,301,,,NA,NA,,COLONIA,METROPLEX,,,,66612,19,NUEVO LEÓN   ,6,Apodaca,1,Ciudad Apodaca,087A,28,8111759364,,,Fijo,25.79353878,-100.2526369,2019-11,46117
22329,6217446,HELADOS SORIANO,,461170,Comercio al por menor de paletas de hielo y helados,0 a 5 personas,CALLE,PASEO DE LA HACIENDA,CALLE,PASEO DEL ACUEDUCTO,CALLE,PASEO DE LAS AVES,CALLE,PASEO DE LAS FLORES,NA,SN,,NA,NA,,COLONIA,LA ESTANZUELA (F-45),,,,64988,19,NUEVO LEÓN   ,39,Monterrey,1,Monterrey,2951,10,NA,,,Fijo,25.59021386,-100.2471967,2010-07,46117
22709,2929253,LA MICHOACANA,,461170,Comercio al por menor de paletas de hielo y helados,0 a 5 personas,CALLE,MARCELINO JUAREZ,CALLE,DOMINGO GONZALEZ,CALLE,FUERTE DE GUADALUPE,CALLE,PLATEROS,0,SN,,NA,0,,FRACCIONAMIENTO,BENITO JUAREZ,,,,67115,19,NUEVO LEÓN   ,26,Guadalupe,1,Guadalupe,1033,26,NA,,,Fijo,25.69803999,-100.1899672,2014-12,46117
23043,2948092,MATERIAS PRIMAS WALTER,,461160,Comercio al por menor de dulces y materias primas para repostería,0 a 5 personas,AVENIDA,AFGANISTAN,CALLE,SUECIA,CALLE,LIBIA,CALLE,CEYLÁN,551,,,NA,NA,,COLONIA,PRADOS DE LA CIENEGUITA,,,,66636,19,NUEVO LEÓN   ,6,Apodaca,1,Ciudad Apodaca,719,33,NA,,,Fijo,25.78159076,-100.2523408,2014-12,46116
23607,2966858,MINI SUPER PACO,,461121,Comercio al por menor de carnes rojas,0 a 5 personas,CALLE,LEON GARCIA,CALLE,INGENIERO ÁNGEL BELARES,CALLE,PABLO HERNANDEZ,CALLE,JOSÉ MARTÍNEZ CAMPOS,2018,,,NA,NA,,COLONIA,FERROCARRILERA,,,,64250,19,NUEVO LEÓN   ,39,Monterrey,1,Monterrey,531,25,8183012600,,,Fijo,25.72634162,-100.3342693,2014-12,46112
23677,2932350,MINI SUPER SANTANA,,462112,Comercio al por menor en minisupers,0 a 5 personas,AVENIDA,DE LA PRIMAVERA,CALLE,AMAPOLA,AVENIDA,DE LOS LIRIOS,CALLE,AZAFRÁN,1203,,,NA,0,,COLONIA,TRES CAMINOS,,,,67190,19,NUEVO LEÓN   ,26,Guadalupe,1,Guadalupe,1620,19,8183603233,MINISUPERSANTANA@HOTMAIL.COM,,Fijo,25.66210071,-100.1884003,2010-07,46211
24110,3029951,MINSUPERFLORES,,462112,Comercio al por menor en minisupers,0 a 5 personas,CALLE,MAGNOLIA,CALLE,MORA,CALLE,20 DE OCTUBRE,CALLE,ALHELÍ,2170,,,NA,NA,,COLONIA,LAS FLORES,,,,64530,19,NUEVO LEÓN   ,39,Monterrey,1,Monterrey,1101,19,NA,,,Fijo,25.6951674,-100.2788704,2010-07,46211
24236,6885983,MR PAY PASTELERIAS,PASTELES Y POSTRES DEL NORTE SA DE CV,461190,Comercio al por menor de otros alimentos,0 a 5 personas,AVENIDA,RODRIGO GÓMEZ,CALLE,GOLFO DE CALIFORNIA,CALLE,ADOLFO RUÍZ CORTINES,CALLE,GOLFO DE CALIFORNIA,101,,,NA,0,,COLONIA,CENTRAL,OTRO CONGLOMERADO,PLAZA COMERCIAL SIMON BOLIVAR,4,64190,19,NUEVO LEÓN   ,39,Monterrey,1,Monterrey,743,14,NA,,,Fijo,25.70504237,-100.3421533,2019-04,46119
24621,6850906,OXXO SUC 50BQ9 ALMAGUER MTY,CADENA COMERCIAL OXXO SA DE CV,462112,Comercio al por menor en minisupers,6 a 10 personas,CALLE,RAYMUNDO ALMAGUER,CALLE,CERRO DE LA SILLA,CALLE,CERRO DEL OBISPADO,CALLE,CERRO DEL PEÑÓN,302,,,NA,NA,,COLONIA,ALMAGUER,,,,67182,19,NUEVO LEÓN   ,26,Guadalupe,1,Guadalupe,798,35,NA,ATENCIONCLIENTES@OXXO.COM,WWW.OXXO.COM,Fijo,25.65562705,-100.2209984,2018-11,46211
25358,6700544,OXXO SUC 50PKJ TREVINO MTY,CADENA COMERCIAL OXXO SA DE CV,462112,Comercio al por menor en minisupers,6 a 10 personas,AVENIDA,BENITO JUÁREZ,CALLE,HERMENEGILDO GALEANA,CALLE,TREVIÑO,CALLE,MIGUEL HIDALGO Y COSTILLA,300,B,,NA,NA,,COLONIA,LAZARO CARDENAS,,,,66058,19,NUEVO LEÓN   ,21,General Escobedo,1,Ciudad General Escobedo,221,16,NA,ATENCIONCLIENTES@OXXO.COM,WWW.OXXO.COM,Fijo,25.78592866,-100.3016282,2016-01,46211
25573,6790413,OXXO SUC 50TQU MULTIPARK MTY,CADENA COMERCIAL OXXO SA DE CV,462112,Comercio al por menor en minisupers,6 a 10 personas,AVENIDA,MULTIPARK,CALLE,ORION,CALLE,PRIVADA INTERAMERICANA,CALLE,NINGUNO,200,,,NA,NA,,PUERTO,INDUSTRIAL MULTIPARK,,,,66633,19,NUEVO LEÓN   ,6,Apodaca,1,Ciudad Apodaca,259,49,NA,ATENCIONCLIENTES@OXXO.COM,WWW.OXXO.COM,Fijo,25.74186119,-100.2240569,2017-03,46211
25853,8794683,PALETAS,,461170,Comercio al por menor de paletas de hielo y helados,0 a 5 personas,AVENIDA,PORTAL DEL VALLE,CALLE,PORTAL DE SALAMANCA,CALLE,PORTAL VALENCIA,CALLE,PORTAL SANTANDER,223,,,NA,NA,,COLONIA,FRACC MISION DE SAN JAVIER,,,,66644,19,NUEVO LEÓN   ,6,Apodaca,392,Misión San Pablo,258A,6,NA,,,Fijo,25.74139536,-100.1382149,2019-11,46117
25867,8461980,PALETERIA,PALETERIA ,461170,Comercio al por menor de paletas de hielo y helados,0 a 5 personas,CALLE,MARIANO ESCOBEDO,CALLE,ZARAGOZA,CALLE,MELCHOR OCAMPO,PEATONAL,JUAN ÁLVAREZ,221,,,NA,NA,SN,COLONIA,CONSTITUYENTES DE QUERETARO 5 SECTOR,,,,66490,19,NUEVO LEÓN   ,46,San Nicolás de los Garza,1,San Nicolás de los Garza,1267,15,NA,,,Fijo,25.71051845,-100.2664746,2019-11,46117
26653,8997279,PUERTO 21,FISH MARKET 21 SA DE CV,461123,Comercio al por menor de pescados y mariscos,0 a 5 personas,AVENIDA,MANUEL GOMEZ MORIN,AVENIDA,ROBERTO GARZA SADA,AVENIDA,VALLE SAN ÁNGEL,AVENIDA,ROBERTO GARZA SADA,2003,,,NA,16,,COLONIA,RESIDENCIAL CHIPINQUE 1 SECTOR,,,,66297,19,NUEVO LEÓN   ,19,San Pedro Garza García,1,San Pedro Garza García,420,5,8112802571,INFO@PUERTO21.MX,,Fijo,25.63400916,-100.3624316,2019-11,46112
26671,8746068,Q KARNES,,461121,Comercio al por menor de carnes rojas,6 a 10 personas,AVENIDA,PABLO LIVAS,CALLE,ROBLE,CALLE,ARTURO B. DE LA GARZA,CALLE,ÁLAMO,NA,SN,,NA,NA,,COLONIA,VALLES DE  LA SILLA,,,,67180,19,NUEVO LEÓN   ,26,Guadalupe,1,Guadalupe,1584,1,NA,,,Fijo,25.66505735,-100.208403,2019-11,46112
26749,2981477,QUE POLLO SUC.  LAZARO CARDENAS,COMERCIALIZADORA DE POLLOS Y CARNES YESAKI SA DE CV,461122,Comercio al por menor de carne de aves,0 a 5 personas,AVENIDA,LAZARO CARDENAS,AVENIDA,21 DE MAYO,AVENIDA,POZA RICA,AVENIDA,TOMA DE OAXACA,202,,,NA,NA,,COLONIA,JOSE MARIA MORELOS,,,,67150,19,NUEVO LEÓN   ,26,Guadalupe,1,Guadalupe,355,4,NA,VENTAS@JJALIMENTOS.MX,WWW.JJALIMENTOS.MXVENTAS@JJALIMENTOS.MX,Fijo,25.68861311,-100.2300552,2014-12,46112
27022,2919636,SEMILLAS Y CONFITADOS,,461140,"Comercio al por menor de semillas y granos alimenticios, especias y chiles secos",0 a 5 personas,CALLE,ALBINO ESPINOSA,CALLE,COLEGIO CIVIL,AVENIDA,LICENCIADO BENITO JUAREZ,CALLE,RUPERTO MARTÍNEZ,NA,SN,,NA,NA,,COLONIA,ZONA CENTRO,,,,64000,19,NUEVO LEÓN   ,39,Monterrey,1,Monterrey,153A,11,8183427364,,,Fijo,25.67797649,-100.3149842,2010-07,46114
27206,7636824,SNACK GONZALEZ,,461190,Comercio al por menor de otros alimentos,0 a 5 personas,AVENIDA,JULIO A. ROCA,CALLE,ANTONIO BARONA,CALLE,HACIENDA CHINAMECA,CALLE,AMADOR SALAZAR,7437,,,NA,NA,,COLONIA,EMILIANO ZAPATA,,,,64238,19,NUEVO LEÓN   ,39,Monterrey,1,Monterrey,3860,35,NA,,,Fijo,25.74868618,-100.347516,2019-11,46119
27713,9030198,SUPER CARNES ORTIZ,,461121,Comercio al por menor de carnes rojas,11 a 30 personas,AVENIDA,ELOY CAVAZOS,CALLE,CERRO DE SANTIAGO,CALLE,ALEJANDRO BRUNELL,CALLE,CERRO DEL TOPO,4497,,,NA,NA,,COLONIA,EL PEÑON,,,,67180,19,NUEVO LEÓN   ,26,Guadalupe,1,Guadalupe,1777,1,NA,,CARNES_ORTIZPRODIGY.NET.MX,Fijo,25.6576718,-100.2229591,2019-11,46112
27756,3023268,SUPER CARNES SAN CARLOS,,461121,Comercio al por menor de carnes rojas,6 a 10 personas,CALLE,SARDES,CALLE,MILETO,CALLE,BIZANCIO,CALLE,LESBOS,NA,SN,,NA,NA,,COLONIA,VALLE DE SAN CARLOS,,,,66437,19,NUEVO LEÓN   ,46,San Nicolás de los Garza,1,San Nicolás de los Garza,1500,27,8183820200,,,Fijo,25.75432918,-100.2574084,2010-07,46112
28353,3052205,TIENDA,,461110,"Comercio al por menor en tiendas de abarrotes, ultramarinos y misceláneas",0 a 5 personas,CALLE,LORENZO SEPULVEDA,CALLE,NINGUNO,CALLE,FEDERICO GUERRERO,CALLE,FRANCISCO LABASTIDA,5408,,,NA,0,,COLONIA,LOMAS DEL TOPO CHICO,,,,64205,19,NUEVO LEÓN   ,39,Monterrey,1,Monterrey,3983,37,8183911917,,,Fijo,25.78443135,-100.3712097,2010-07,46111
28702,2937523,TIENDA DE ABARROTES,,461110,"Comercio al por menor en tiendas de abarrotes, ultramarinos y misceláneas",0 a 5 personas,CALLE,REMOLINO,CALLE,PENINSULA,CALLE,COSTA,CALLE,CATARATA,3525,,,NA,NA,,COLONIA,RIBERAS DEL RIO,,,,67160,19,NUEVO LEÓN   ,26,Guadalupe,1,Guadalupe,1387,17,8115741504,,,Fijo,25.68192508,-100.2157325,2010-07,46111
30413,7309373,TIENDA DE ABARROTES SIN NOMBRE,,461110,"Comercio al por menor en tiendas de abarrotes, ultramarinos y misceláneas",0 a 5 personas,CALLE,AVE DEL TROPICO,CALLE,COLIRROJA,CALLE,COQUETA,PROLONGACION,ÁGUILA REAL,132,,,NA,NA,,COLONIA,VILLAS DE SAN FRANCISCO SEGUNDO SECTOR,,,,66062,19,NUEVO LEÓN   ,21,General Escobedo,1,Ciudad General Escobedo,1662,21,NA,,,Fijo,25.82695751,-100.3668038,2019-11,46111
31207,3039196,TIENDITA LIZ,,461110,"Comercio al por menor en tiendas de abarrotes, ultramarinos y misceláneas",0 a 5 personas,CALLE,SAN ANTONIO,CALLE,SANTA FE,AVENIDA,AVENIDA DEL TELEFONO,CALLE,SANTA FE,305,,,NA,0,,COLONIA,SANTA FE,,,,66655,19,NUEVO LEÓN   ,6,Apodaca,1,Ciudad Apodaca,780,30,8182430686,,,Fijo,25.72874867,-100.1725585,2010-07,46111
31330,3031436,TOTAL CAKE,PROCESADORA Y DULCES DE COLIMA SPR DE RL,461160,Comercio al por menor de dulces y materias primas para repostería,6 a 10 personas,AVENIDA,ELOY CAVAZOS,AVENIDA,SANTA ROSA DE LIMA,CALLE,DALIA,CALLE,PRIVADA GERANIO,7011,,,NA,0,,COLONIA,SANTA MARIA,,,,NA,19,NUEVO LEÓN   ,39,Monterrey,1,Monterrey,1347,44,NA,,,Fijo,25.68732909,-100.282182,2010-07,46116
31335,6879559,TRAVEZADA,ESTRUCTURA COMERCIAL S DE RL DE CV,461150,"Comercio al por menor de leche, otros productos lácteos y embutidos",11 a 30 personas,CALLE,CUARTA AVENIDA,CALLE,TEODORO LANDAUR,CALLE,LEGIONARIOS,CALLE,QUINTA AVENIDA,977,,,NA,NA,,COLONIA,ZIMIX,,,,66358,19,NUEVO LEÓN   ,48,Santa Catarina,1,Ciudad Santa Catarina,1153,13,NA,CARLOS@TRAVEZADA.COM,WWW.TRAVEZADA.COM,Fijo,25.68282632,-100.4702501,2019-04,46115
31862,6159431,"FLETERA AGROPECUARIA SARAHI, SA DE CV",FLETERA AGROPECUARIA SARAHI SA DE CV,484121,Autotransporte foráneo de productos agrícolas sin refrigeración,11 a 30 personas,CALLE,LOMA BONITA,AVENIDA,BALCONES DE SAN MIGUEL,CALLE,LOMA BAJA,CALLE,LOMA LARGA,302,,,NA,NA,,COLONIA,LOMAS DE SAN MIGUEL,,,,67113,19,NUEVO LEÓN   ,26,Guadalupe,1,Guadalupe,1832,27,NA,F.AGRO_SARAHII@HOTMAIL.COM,,Fijo,25.72026008,-100.1868702,2011-03,48412
31936,7540572,AL SAZON DEL MAR,,722512,Restaurantes con servicio de preparación de pescados y mariscos,0 a 5 personas,CALLE,POPOCATEPETL,CALLE,SIERRA MIXTECA,AVENIDA,LAS PUENTES,CALLE,SIERRA ENCANTADA,0,SN,,NA,0,,COLONIA,LAS PUENTES,,,,66460,19,NUEVO LEÓN   ,46,San Nicolás de los Garza,1,San Nicolás de los Garza,979,25,8115778345,,,Fijo,25.74267704,-100.2778794,2019-11,72251
32586,8696160,BANJOS,,722511,Restaurantes con servicio de preparación de alimentos a la carta o de comida corrida,0 a 5 personas,AVENIDA,BATALLON SAN PATRICIO,AVENIDA,DIEGO RIVERA,AVENIDA,REAL SAN AGUSTIN,AVENIDA,LÁZARO CÁRDENAS,1000,,CENTRO Y PLAZA COMERCIAL,17,NA,,COLONIA,PLAZA FIESTA SAN AGUSTÍN,CENTRO Y PLAZA COMERCIAL,PLAZA FIESTA SAN AGUSTIN 1,1379 A,66270,19,NUEVO LEÓN   ,19,San Pedro Garza García,1,San Pedro Garza García,399,23,NA,,WWW.BANJOS.COM,Fijo,25.64807863,-100.3374035,2019-11,72251
32609,3011708,BANQUETES RODRIGUEZ,,722320,Servicios de preparación de alimentos para ocasiones especiales,0 a 5 personas,AVENIDA,SAN NICOLAS,CALLE,SIERRA DE SANTA GERTRUDIS,CALLE,CERRO DEL TOPO,CALLE,CERRO DEL TOPO,501,,,NA,NA,,COLONIA,LAS PUENTES SECT 2,,,,66460,19,NUEVO LEÓN   ,46,San Nicolás de los Garza,1,San Nicolás de los Garza,201,23,8183302713,,,Fijo,25.74130587,-100.2889582,2010-07,72232
33589,8441727,CHICHARRONERIA MENDEZ,,722514,Restaurantes con servicio de preparación de tacos y tortas,0 a 5 personas,AVENIDA,ANTONIO I. VILLARREAL,CALLE,JOSE MARTI,CALLE,LAZARO GARZA AYALA,CALLE,JOSÉ MARTÍ,1101,,,NA,0,,COLONIA,FIERRO,,,,64590,19,NUEVO LEÓN   ,39,Monterrey,1,Monterrey,139A,7,NA,,,Fijo,25.68414216,-100.2776046,2019-11,72251
33855,7679042,CLUB DE NUTRICION,,722519,Servicios de preparación de otros alimentos para consumo inmediato,0 a 5 personas,CALLE,RIO AMACUZAC,CALLE,RIO TONALA,CALLE,SAN ISIDRO,CALLE,RÍO TONALÁ,0,SN,,NA,0,,COLONIA,SAN ISIDRO,,,,66646,19,NUEVO LEÓN   ,6,Apodaca,1,Ciudad Apodaca,1613,22,NA,,,Fijo,25.75778427,-100.1533139,2019-11,72251
34471,3034252,COMEDORES Y ABASTECIMIENTOS ALIMENTICIOS MARITIMOS,COMEDORES Y ABASTECIMIENTOS ALIMENTICIOS MARITIMOS SA DE CV,722310,Servicios de comedor para empresas e instituciones,0 a 5 personas,CALLE,Apodaca,CALLE,Chiapas,CALLE,Tepic,CALLE,Pedro Martínez,955,,,NA,0,,COLONIA,NUEVO REPUEBLO,,,,64700,19,NUEVO LEÓN   ,39,Monterrey,1,Monterrey,1760,3,NA,RCORPUS@LOZCAR.COM.MX,,Fijo,25.66239252,-100.3002681,2010-07,72231
37543,9285950,FRUTAL  YOGURT,FRUTALYOGURT ,722330,Servicios de preparación de alimentos en unidades móviles,0 a 5 personas,AVENIDA,ABRAHAM LINCOLN,CALLE,PASEO DE LAS CUMBRES PONIENTE,OTRO (ESPECIFIQUE),SIN REFERENCIA,CALLE,ADOLFO RUIZ CORTINES,5400,,,NA,NA,,COLONIA,PASEO DE CUMBRES,,,,64117,19,NUEVO LEÓN   ,39,Monterrey,1,Monterrey,5072,1,NA,,,Fijo,25.76100465,-100.4046768,2020-11,72233
38505,6269304,HOLIDAY INN MONTERREY NORTE,OPERADORA HOTELERA DE ANAHUAC SA DE CV,721111,Hoteles con otros servicios integrados,101 a 250 personas,AVENIDA,UNIVERSIDAD,CALLE,ANTONIO MACHADO,CALLE,18 DE DICIEMBRE,CALLE,18 DE DICIEMBRE,101,,,NA,0,,COLONIA,ANAHUAC,,,,66450,19,NUEVO LEÓN   ,46,San Nicolás de los Garza,1,San Nicolás de los Garza,184,10,NA,CONTABILIDAD@MTY.COM.MX,,Fijo,25.74086126,-100.3024503,2010-07,72111
41421,8971241,PARADICE BURGER,,722515,"Cafeterías, fuentes de sodas, neverías, refresquerías y similares",0 a 5 personas,AVENIDA,LAS PALMAS,BOULEVARD,TORRE DEL MAR,BOULEVARD,PROFESOR HUMBERTO RAMOS LOZANO,CALLE,ANDALUCÍA,300,,,NA,NA,,FRACCIONAMIENTO,VALLE DEL SALDUERO,,,,66610,19,NUEVO LEÓN   ,6,Apodaca,388,Ex-Hacienda Santa Rosa,2382,1,8120005458,,,Fijo,25.81195264,-100.218309,2019-11,72251
42971,2944896,PUESTO DE BARBACOA TACOS EL HERMANO,,722514,Restaurantes con servicio de preparación de tacos y tortas,0 a 5 personas,CALLE,CAROLINA,CALLE,MIRTHALA,CALLE,ORQUIDEA,CALLE,PATRICIA,436,,,NA,NA,,FRACCIONAMIENTO,PINCELES,,,,66647,19,NUEVO LEÓN   ,6,Apodaca,1,Ciudad Apodaca,190A,29,8188838176,,,Fijo,25.70765915,-100.1613405,2014-12,72251
46032,7656661,TACOS A VAPOR,,722514,Restaurantes con servicio de preparación de tacos y tortas,0 a 5 personas,CALLE,ORIZABA,CALLE,CUAUHTEMOC,CALLE,JOSE MARIA ARTEAGA,CALLE,JALAPA,NA,SN,,NA,NA,,COLONIA,CHINAMECA,,,,67148,19,NUEVO LEÓN   ,26,Guadalupe,1,Guadalupe,1404,19,NA,,,Semifijo,25.67225573,-100.2663052,2019-11,72251
49334,8533049,TACOS Y TORTAS GALAXIA,TACOS Y TORTAS GALAXIA ,722514,Restaurantes con servicio de preparación de tacos y tortas,0 a 5 personas,CALLE,ENRAMADAS,CALLE,SAN LEOPOLDO,AVENIDA,PALMAS,CALLE,OLIVOS,503,,,NA,0,,FRACCIONAMIENTO,PALMAS 6 SECTOR,,,,66645,19,NUEVO LEÓN   ,6,Apodaca,1,Ciudad Apodaca,1223,49,NA,,,Fijo,25.79705995,-100.2674874,2019-11,72251
50113,7334705,TAQUERIA EL MANA,,722514,Restaurantes con servicio de preparación de tacos y tortas,0 a 5 personas,AVENIDA,JOSE MARIA MORELOS Y PAVON,CALLE,CHIHUAHUA,CALLE,ZACATECAS,CALLE,GENERAL CELESTINO GASCA,101,,,NA,NA,,COLONIA,CELESTINO GASCA,,,,66055,19,NUEVO LEÓN   ,21,General Escobedo,1,Ciudad General Escobedo,43,50,NA,,,Fijo,25.77540545,-100.3203939,2019-11,72251
50641,7680083,TAQUERIA SANTA MONICA,,722514,Restaurantes con servicio de preparación de tacos y tortas,11 a 30 personas,CALLE,REFORMA,CALLE,SANTA ENGRACIA,CALLE,SANTA CLARA,CALLE,SANTA CLARA,NA,SN,,NA,NA,,COLONIA,SANTA MONICA,,,,66640,19,NUEVO LEÓN   ,6,Apodaca,1,Ciudad Apodaca,1469,10,NA,,,Fijo,25.73800743,-100.1616148,2019-11,72251
